{
  "attack": {
    "Algeria": 0.8663841725599035,
    "Argentina": 1.4808509786205235,
    "Australia": 0.6734293087460365,
    "Austria": 0.8745792109577233,
    "Belgium": 1.2469925990239894,
    "Bosnia and Herzegovina": 0.7704110276666922,
    "Brazil": 1.6060261396272397,
    "Canada": 0.8697218625151886,
    "Chile": 0.8459860126220873,
    "Colombia": 1.694946464117517,
    "DR Congo": 0.6645913280146902,
    "Ecuador": 0.8040763591935515,
    "Egypt": 0.9789791552851834,
    "England": 1.0458775156751159,
    "France": 1.9708002016287132,
    "Germany": 1.7018875015251755,
    "Hungary": 0.8221254012219354,
    "Indonesia": 0.6948883727713574,
    "Iran": 0.7637561921963811,
    "Ivory Coast": 0.9724926481129885,
    "Japan": 1.2043006935850915,
    "Jordan": 0.9596960037645882,
    "Kenya": 0.22526567935476885,
    "Mali": 0.6988963468106799,
    "Mexico": 1.1034370367396196,
    "Morocco": 1.185343498206738,
    "New Zealand": 1.0082043927709525,
    "Nigeria": 1.0502442137088641,
    "Paraguay": 0.8106686209847975,
    "Portugal": 1.5924808141521392,
    "Qatar": 0.6263954807223208,
    "Saudi Arabia": 0.39813615535816316,
    "Senegal": 1.2523446710366015,
    "Serbia": 0.7868112221158042,
    "Slovakia": 0.7895425386679562,
    "South Africa": 0.6365462080973135,
    "South Korea": 0.8032420275877752,
    "Spain": 1.9017488612378584,
    "Switzerland": 1.5250444004119565,
    "Trinidad and Tobago": 0.3337919834383456,
    "Turkey": 1.1250939814231204,
    "USA": 1.2002981591602124,
    "Uruguay": 0.8803621249422645,
    "Uzbekistan": 0.6547248898122359,
    "Venezuela": 0.8985775438278261
  },
  "defense": {
    "Algeria": 0.7032778301955074,
    "Argentina": 0.24144540708505405,
    "Australia": 0.4959871212698466,
    "Austria": 0.5876433334580082,
    "Belgium": 0.5779628461523338,
    "Bosnia and Herzegovina": 1.1307161220198072,
    "Brazil": 0.5009892595035023,
    "Canada": 0.47340008489087776,
    "Chile": 0.8032276510795944,
    "Colombia": 0.4985985031499788,
    "DR Congo": 0.6215719912518288,
    "Ecuador": 0.33549070865850394,
    "Egypt": 0.5739070179705195,
    "England": 0.4466783456192787,
    "France": 0.5269382464893199,
    "Germany": 0.6976809501995571,
    "Hungary": 0.7791175998147688,
    "Indonesia": 2.245939596468807,
    "Iran": 0.7048526607857734,
    "Ivory Coast": 0.5037928210912006,
    "Japan": 0.5173967937587545,
    "Jordan": 1.2373518875969725,
    "Kenya": 2.1890589510136107,
    "Mali": 0.842205784212524,
    "Mexico": 0.606465864581018,
    "Morocco": 0.5185788578173888,
    "New Zealand": 1.0545056016835759,
    "Nigeria": 0.608017290414477,
    "Paraguay": 0.6145853099395191,
    "Portugal": 0.4460005497385403,
    "Qatar": 1.5360552637981577,
    "Saudi Arabia": 0.8879556795304147,
    "Senegal": 0.7705792315537915,
    "Serbia": 0.971944708660515,
    "Slovakia": 0.8366211309331439,
    "South Africa": 0.5875663830636647,
    "South Korea": 0.8700035283133095,
    "Spain": 0.47019845716478326,
    "Switzerland": 0.8080859712848426,
    "Trinidad and Tobago": 2.326824312547696,
    "Turkey": 0.9320302053578718,
    "USA": 0.9087157197793103,
    "Uruguay": 0.5248047832721461,
    "Uzbekistan": 0.9803088887433014,
    "Venezuela": 0.8750167852796968
  },
  "home_adv": 0.21101744576774273,
  "rho": -0.2247061796605575,
  "mu": 1.45,
  "xi": 0.0018,
  "teams": [
    "Algeria",
    "Argentina",
    "Australia",
    "Austria",
    "Belgium",
    "Bosnia and Herzegovina",
    "Brazil",
    "Canada",
    "Chile",
    "Colombia",
    "DR Congo",
    "Ecuador",
    "Egypt",
    "Egypt",
    "England",
    "France",
    "Germany",
    "Hungary",
    "Indonesia",
    "Iran",
    "Ivory Coast",
    "Japan",
    "Jordan",
    "Kenya",
    "Mali",
    "Mexico",
    "Morocco",
    "New Zealand",
    "Nigeria",
    "Paraguay",
    "Portugal",
    "Portugal",
    "Qatar",
    "Saudi Arabia",
    "Senegal",
    "Serbia",
    "Slovakia",
    "South Africa",
    "South Korea",
    "Spain",
    "Switzerland",
    "Trinidad and Tobago",
    "Turkey",
    "USA",
    "Uruguay",
    "Uzbekistan",
    "Venezuela"
  ],
  "fitted": true,
  "team_match_counts": {
    "Mexico": 286,
    "USA": 257,
    "Qatar": 251,
    "Jordan": 237,
    "South Korea": 231,
    "Saudi Arabia": 230,
    "Japan": 229,
    "Argentina": 217,
    "France": 215,
    "Germany": 215,
    "Brazil": 215,
    "Spain": 214,
    "South Africa": 212,
    "Portugal": 208,
    "Nigeria": 206,
    "Egypt": 203,
    "Chile": 203,
    "England": 203,
    "Algeria": 199,
    "Ivory Coast": 197,
    "Uruguay": 197,
    "Morocco": 194,
    "Belgium": 191,
    "Iran": 190,
    "Senegal": 189,
    "Australia": 188,
    "Colombia": 187,
    "Switzerland": 186,
    "Turkey": 186,
    "Uzbekistan": 186,
    "Ecuador": 180,
    "Paraguay": 178,
    "Serbia": 177,
    "Trinidad and Tobago": 177,
    "Venezuela": 175,
    "Slovakia": 173,
    "DR Congo": 171,
    "Indonesia": 169,
    "Canada": 167,
    "Austria": 166,
    "Hungary": 166,
    "Kenya": 162,
    "Bosnia and Herzegovina": 161,
    "Mali": 157,
    "Peru": 144,
    "Bolivia": 117,
    "New Zealand": 115,
    "Costa Rica": 101,
    "Netherlands": 98,
    "Panama": 97,
    "Iraq": 93,
    "Honduras": 92,
    "Italy": 89,
    "Jamaica": 85,
    "Ghana": 83,
    "Croatia": 83,
    "China": 77,
    "Russia": 75,
    "Cameroon": 75,
    "Tunisia": 73,
    "United Arab Emirates": 72,
    "Oman": 71,
    "Sweden": 70,
    "Iceland": 70,
    "Republic of Ireland": 68,
    "Bahrain": 67,
    "Denmark": 66,
    "Ukraine": 64,
    "Poland": 63,
    "Wales": 58,
    "Greece": 57,
    "Kuwait": 55,
    "Zambia": 53,
    "Luxembourg": 53,
    "Romania": 53,
    "Czech Republic": 52,
    "Tanzania": 50,
    "Slovenia": 50,
    "Scotland": 49,
    "Burkina Faso": 49,
    "Uganda": 48,
    "Guinea": 47,
    "Syria": 47,
    "Lebanon": 46,
    "Albania": 45,
    "El Salvador": 45,
    "Finland": 44,
    "North Korea": 44,
    "Azerbaijan": 44,
    "Estonia": 43,
    "Gabon": 43,
    "Guatemala": 42,
    "Thailand": 41,
    "Angola": 41,
    "Northern Ireland": 41,
    "Palestine": 40,
    "Norway": 39,
    "Bulgaria": 38,
    "Andorra": 36,
    "Benin": 36,
    "Vietnam": 36,
    "Botswana": 36,
    "Libya": 35,
    "Belarus": 35,
    "Cape Verde": 35,
    "Montenegro": 35,
    "Zimbabwe": 34,
    "Mozambique": 34,
    "Georgia": 34,
    "Lithuania": 33,
    "Togo": 33,
    "Haiti": 33,
    "Sudan": 33,
    "Rwanda": 32,
    "Israel": 32,
    "Ethiopia": 31,
    "Cyprus": 31,
    "North Macedonia": 31,
    "Malawi": 30,
    "Latvia": 30,
    "Kazakhstan": 30,
    "Mauritania": 30,
    "Liechtenstein": 28,
    "Niger": 28,
    "Moldova": 28,
    "Burundi": 27,
    "Sierra Leone": 27,
    "Equatorial Guinea": 27,
    "Yemen": 26,
    "Hong Kong": 26,
    "Gambia": 26,
    "Liberia": 26,
    "Namibia": 26,
    "Kyrgyzstan": 25,
    "Congo": 25,
    "Singapore": 24,
    "Armenia": 24,
    "Cuba": 24,
    "Lesotho": 24,
    "Central African Republic": 23,
    "Tajikistan": 22,
    "Madagascar": 22,
    "Eswatini": 22,
    "Malaysia": 21,
    "San Marino": 21,
    "Cura\u00e7ao": 21,
    "Faroe Islands": 20,
    "Guinea-Bissau": 20,
    "South Sudan": 19,
    "Comoros": 19,
    "Malta": 18,
    "India": 17,
    "Kosovo": 17,
    "Turkmenistan": 15,
    "Philippines": 15,
    "Guyana": 14,
    "Seychelles": 14,
    "Gibraltar": 14,
    "Myanmar": 14,
    "Martinique": 12,
    "Afghanistan": 11,
    "Chad": 11,
    "Cambodia": 11,
    "Nicaragua": 11,
    "Taiwan": 11,
    "Mauritius": 9,
    "Nepal": 9,
    "Bermuda": 9,
    "Solomon Islands": 9,
    "Bangladesh": 9,
    "Puerto Rico": 8,
    "Saint Kitts and Nevis": 8,
    "New Caledonia": 8,
    "Tahiti": 8,
    "Laos": 8,
    "Dominican Republic": 8,
    "Suriname": 8,
    "Grenada": 7,
    "Fiji": 7,
    "Timor-Leste": 7,
    "Saint Vincent and the Grenadines": 7,
    "Pakistan": 7,
    "Antigua and Barbuda": 6,
    "Maldives": 6,
    "Barbados": 6,
    "French Guiana": 6,